id,first_name,last_name,email
1,Karl,Caramuscia,kcaramuscia0@biglobe.ne.jp
2,Debor,Samet,dsamet1@google.nl
3,Nolly,Whatley,nwhatley2@sakura.ne.jp
4,Meade,Barford,mbarford3@telegraph.co.uk
5,Eberto,Rutgers,erutgers4@gov.uk
6,Katya,McMenamie,kmcmenamie5@yandex.ru
7,Clea,Basil,cbasil6@samsung.com
8,Rosalie,Kleinhausen,rkleinhausen7@imgur.com
9,Curtis,Shuxsmith,cshuxsmith8@ehow.com
10,Robinett,Eddisforth,reddisforth9@sourceforge.net
11,Shermie,Scyone,sscyonea@smugmug.com
12,Patrice,Kesey,pkeseyb@imdb.com
13,Natalee,Baukham,nbaukhamc@jiathis.com
14,Jedidiah,Bothram,jbothramd@51.la
15,Marchall,Tremberth,mtremberthe@360.cn
16,Darb,Lillegard,dlillegardf@shop-pro.jp
17,Gussi,Waggatt,gwaggattg@walmart.com
18,Brynn,Skirvane,bskirvaneh@ocn.ne.jp
19,Liva,Dimitresco,ldimitrescoi@guardian.co.uk
20,Annabelle,Briar,abriarj@tamu.edu
21,Nathaniel,Belchamber,nbelchamberk@xinhuanet.com
22,Davide,Windley,dwindleyl@samsung.com
23,Lorrie,Kelledy,lkelledym@slashdot.org
24,Petronilla,Maken,pmakenn@acquirethisname.com
25,Frank,Goodlife,fgoodlifeo@techcrunch.com
26,Cass,Long,clongp@ihg.com
27,Cordie,Torbard,ctorbardq@constantcontact.com
28,Lisa,Lownes,llownesr@reference.com
29,Web,McKeand,wmckeands@desdev.cn
30,Lindon,Battista,lbattistat@weibo.com
31,Abelard,Tuppeny,atuppenyu@nytimes.com
32,Debbi,O'Dare,dodarev@dailymail.co.uk
33,Caldwell,Ruddy,cruddyw@google.de
34,Lonna,Pitbladdo,lpitbladdox@zdnet.com
35,Ericha,Drummer,edrummery@bizjournals.com
36,Lotti,Van Dijk,lvandijkz@eepurl.com
37,Corny,Scorton,cscorton10@bluehost.com
38,Falkner,Cownden,fcownden11@facebook.com
39,Priscilla,Bingle,pbingle12@amazon.de
40,Simonne,Dincey,sdincey13@delicious.com
41,Wandis,McInility,wmcinility14@google.pl
42,Marshall,Dowers,mdowers15@wikia.com
43,Charley,Cleare,ccleare16@seesaa.net
44,Juana,Levane,jlevane17@cpanel.net
45,Stacee,Oxborrow,soxborrow18@nydailynews.com
46,Dore,Baynom,dbaynom19@ycombinator.com
47,Nell,Glanville,nglanville1a@slate.com
48,Cyndia,Goundrill,cgoundrill1b@blinklist.com
49,Gusti,Merrgen,gmerrgen1c@freewebs.com
50,Jenda,Teideman,jteideman1d@mapquest.com
51,Agneta,Toghill,atoghill1e@techcrunch.com
52,Sephira,Cerro,scerro1f@abc.net.au
53,Estelle,Galliver,egalliver1g@live.com
54,Alvina,Venning,avenning1h@imageshack.us
55,Boycie,Redgrave,bredgrave1i@europa.eu
56,Rochester,Simonnot,rsimonnot1j@dropbox.com
57,Raff,Eborall,reborall1k@flickr.com
58,Tony,Perulli,tperulli1l@oakley.com
59,Alon,Pardew,apardew1m@zimbio.com
60,Georgy,Edmed,gedmed1n@cnet.com
61,Nadine,Plane,nplane1o@google.com
62,Maribeth,Wybrew,mwybrew1p@china.com.cn
63,Ami,Fairham,afairham1q@bing.com
64,Sukey,De Anesy,sdeanesy1r@businessweek.com
65,Morris,Fumagallo,mfumagallo1s@usa.gov
66,Niles,Jaggar,njaggar1t@sun.com
67,Bobbie,Coniff,bconiff1u@ed.gov
68,Philip,Freak,pfreak1v@t-online.de
69,Kissie,Carlesi,kcarlesi1w@cpanel.net
70,Andie,Growden,agrowden1x@google.es
71,Pamella,Ganing,pganing1y@clickbank.net
72,Annadiane,Saylor,asaylor1z@europa.eu
73,Marilee,Klauer,mklauer20@bloomberg.com
74,Todd,Fearnall,tfearnall21@flickr.com
75,Vikky,Brunesco,vbrunesco22@hp.com
76,Verine,Busch,vbusch23@gnu.org
77,Danyelle,Jablonski,djablonski24@home.pl
78,Enriqueta,Lorenzetti,elorenzetti25@dropbox.com
79,Dermot,Wishkar,dwishkar26@cnet.com
80,Rania,Tattersill,rtattersill27@merriam-webster.com
81,Lesli,Heddan,lheddan28@hubpages.com
82,Zorah,Domney,zdomney29@opera.com
83,Jaquenetta,Sheering,jsheering2a@discovery.com
84,Maddalena,Iacovelli,miacovelli2b@sourceforge.net
85,Paxon,Clench,pclench2c@creativecommons.org
86,Nicola,Dwane,ndwane2d@free.fr
87,Wilbert,Halegarth,whalegarth2e@geocities.jp
88,Ulises,Brister,ubrister2f@harvard.edu
89,Elsworth,Klewer,eklewer2g@webmd.com
90,Ciro,Strut,cstrut2h@mlb.com
91,Jillane,Vedenyakin,jvedenyakin2i@rakuten.co.jp
92,Henka,Hencke,hhencke2j@google.nl
93,Carlyle,Ramplee,cramplee2k@china.com.cn
94,Roz,Beake,rbeake2l@t.co
95,Nicholle,Mertgen,nmertgen2m@shinystat.com
96,Amos,Lanchester,alanchester2n@amazon.co.jp
97,Emlen,Gehringer,egehringer2o@bloglines.com
98,Laryssa,Dalgliesh,ldalgliesh2p@princeton.edu
99,Marta,Hartright,mhartright2q@fc2.com
100,Buckie,Kinsella,bkinsella2r@artisteer.com
101,Filia,Nono,fnono2s@etsy.com
102,Markus,Jones,mjones2t@army.mil
103,Marja,Boggas,mboggas2u@symantec.com
104,Analise,Stampe,astampe2v@globo.com
105,Matty,Wheeliker,mwheeliker2w@dyndns.org
106,Lannie,Fortey,lfortey2x@webmd.com
107,Alfredo,McKenzie,amckenzie2y@fastcompany.com
108,Marten,Rosbottom,mrosbottom2z@goodreads.com
109,Gard,Quinlan,gquinlan30@mashable.com
110,Gearalt,Sutherden,gsutherden31@earthlink.net
111,Brena,Leisk,bleisk32@dyndns.org
112,Berti,Ondrus,bondrus33@live.com
113,Harmonie,Brick,hbrick34@biglobe.ne.jp
114,Kessiah,Bleazard,kbleazard35@qq.com
115,Mada,Isles,misles36@multiply.com
116,Maggy,Astell,mastell37@ucsd.edu
117,Pammy,Laurance,plaurance38@lulu.com
118,Demott,Rohlfs,drohlfs39@blog.com
119,Freddy,Barwise,fbarwise3a@theglobeandmail.com
120,Vicki,Marre,vmarre3b@edublogs.org
121,Kennedy,Puttan,kputtan3c@europa.eu
122,Gael,Teacy,gteacy3d@mashable.com
123,Zenia,Barkway,zbarkway3e@hp.com
124,Danella,Autry,dautry3f@businessinsider.com
125,Eudora,Kleinmintz,ekleinmintz3g@usda.gov
126,Tanitansy,Zienkiewicz,tzienkiewicz3h@github.com
127,Ivonne,Bumphrey,ibumphrey3i@amazon.co.uk
128,Lovell,Bowfin,lbowfin3j@amazon.de
129,Jarvis,Saddington,jsaddington3k@over-blog.com
130,Sara-ann,Deveraux,sdeveraux3l@alexa.com
131,Harlie,Mumm,hmumm3m@gov.uk
132,Gallard,Roumier,groumier3n@discovery.com
133,Rafi,Gally,rgally3o@woothemes.com
134,Virgilio,Scriver,vscriver3p@zimbio.com
135,Fransisco,Wilbor,fwilbor3q@reddit.com
136,Trix,Spykins,tspykins3r@gov.uk
137,Bekki,Clackson,bclackson3s@google.es
138,Dagny,Downer,ddowner3t@vkontakte.ru
139,Brooke,Sekulla,bsekulla3u@bloglovin.com
140,Theresina,Lumm,tlumm3v@huffingtonpost.com
141,Laurens,Woltman,lwoltman3w@discuz.net
142,Carr,McAreavey,cmcareavey3x@guardian.co.uk
143,Samantha,Langstrath,slangstrath3y@army.mil
144,Valina,Linnell,vlinnell3z@mozilla.com
145,Dan,Hlavecek,dhlavecek40@hp.com
146,Damara,McCrillis,dmccrillis41@fc2.com
147,Klarrisa,Schohier,kschohier42@unblog.fr
148,Robbie,Mowsdell,rmowsdell43@globo.com
149,Joellen,Dog,jdog44@free.fr
150,Danya,Zanutti,dzanutti45@macromedia.com
151,Dix,Beadnall,dbeadnall46@wsj.com
152,Deva,Dedman,ddedman47@github.com
153,Andie,Deal,adeal48@nytimes.com
154,Wolfy,De Blasiis,wdeblasiis49@purevolume.com
155,Ashby,Karpinski,akarpinski4a@vimeo.com
156,Shari,McLelland,smclelland4b@hao123.com
157,Lynnet,Feaster,lfeaster4c@symantec.com
158,Amye,Francke,afrancke4d@wiley.com
159,Genia,Izkoveski,gizkoveski4e@flickr.com
160,Fonsie,Maddy,fmaddy4f@statcounter.com
161,Kirbie,Winspur,kwinspur4g@about.me
162,Kelci,Ockwell,kockwell4h@tuttocitta.it
163,Belicia,Benoi,bbenoi4i@samsung.com
164,Sabina,Calbaithe,scalbaithe4j@oracle.com
165,Hermann,Hadleigh,hhadleigh4k@pinterest.com
166,Demott,Giorgione,dgiorgione4l@aboutads.info
167,Otes,Gadesby,ogadesby4m@360.cn
168,Fayre,McCaughan,fmccaughan4n@cbc.ca
169,Leland,Ormesher,lormesher4o@gmpg.org
170,Petrina,Grimmett,pgrimmett4p@constantcontact.com
171,Tomi,Lufkin,tlufkin4q@spotify.com
172,Gail,Sebrook,gsebrook4r@skyrock.com
173,Celinda,Brenston,cbrenston4s@dyndns.org
174,Tiebout,Cottey,tcottey4t@google.com.br
175,Brandtr,Hambly,bhambly4u@ameblo.jp
176,Paquito,Seagrave,pseagrave4v@issuu.com
177,Wain,Ferguson,wferguson4w@php.net
178,Oona,Pickburn,opickburn4x@prnewswire.com
179,Domenico,Dunbavin,ddunbavin4y@t-online.de
180,Brunhilde,Burrass,bburrass4z@ask.com
181,Rozalie,Martschik,rmartschik50@dailymotion.com
182,Brennen,Hallybone,bhallybone51@usnews.com
183,Sofia,Baty,sbaty52@google.pl
184,Theodoric,Champley,tchampley53@godaddy.com
185,Rob,Brodnecke,rbrodnecke54@uol.com.br
186,Kalil,MacAllan,kmacallan55@usgs.gov
187,Aubine,Ladbrook,aladbrook56@mit.edu
188,Petronia,Pawling,ppawling57@exblog.jp
189,Alana,Roll,aroll58@wikipedia.org
190,Julina,Falk,jfalk59@xrea.com
191,Gaelan,Petyakov,gpetyakov5a@marketwatch.com
192,Kirsteni,Ciccoloi,kciccoloi5b@oracle.com
193,Gian,Deny,gdeny5c@msu.edu
194,Wini,Swinburne,wswinburne5d@loc.gov
195,Karolina,Sircomb,ksircomb5e@harvard.edu
196,Petey,Wycliff,pwycliff5f@lycos.com
197,Maud,Gabbetis,mgabbetis5g@plala.or.jp
198,Raviv,Vertigan,rvertigan5h@nba.com
199,Ryon,Rackley,rrackley5i@blog.com
200,Westleigh,Knibb,wknibb5j@wufoo.com
201,Michal,Freckingham,mfreckingham5k@opensource.org
202,Casie,Gluyas,cgluyas5l@ow.ly
203,Enrichetta,Pillinger,epillinger5m@nationalgeographic.com
204,Court,Tweed,ctweed5n@sohu.com
205,Carmelle,Noblett,cnoblett5o@tinypic.com
206,Anthony,Nardrup,anardrup5p@dell.com
207,Vivie,Chester,vchester5q@msn.com
208,Shermy,Butters,sbutters5r@nytimes.com
209,Lindy,Gierth,lgierth5s@ebay.com
210,Wendel,Cowpland,wcowpland5t@springer.com
211,Dilly,Fearick,dfearick5u@tinypic.com
212,Eileen,Shorthill,eshorthill5v@reference.com
213,Kylila,Luckcock,kluckcock5w@dmoz.org
214,Catherine,Spikins,cspikins5x@wufoo.com
215,Redd,Lillegard,rlillegard5y@ovh.net
216,Felizio,Lettson,flettson5z@mapquest.com
217,Inge,Artingstall,iartingstall60@cbsnews.com
218,Lazare,Della Scala,ldellascala61@apple.com
219,Vidovik,Vigers,vvigers62@twitter.com
220,Theodor,Chesterfield,tchesterfield63@google.pl
221,Nissa,Roelofs,nroelofs64@redcross.org
222,Katie,Hoggins,khoggins65@over-blog.com
223,Brewster,Johncey,bjohncey66@sciencedirect.com
224,Devon,Jorgensen,djorgensen67@jigsy.com
225,Kip,Chadburn,kchadburn68@cafepress.com
226,Selinda,Kreutzer,skreutzer69@ucoz.com
227,Eilis,Jahnke,ejahnke6a@taobao.com
228,Candide,Alder,calder6b@latimes.com
229,Hailee,Emmott,hemmott6c@addtoany.com
230,Bobbie,Goodbur,bgoodbur6d@ed.gov
231,Wyatan,Jamrowicz,wjamrowicz6e@google.com.au
232,Regine,Vize,rvize6f@ning.com
233,Bill,Yurchishin,byurchishin6g@tinypic.com
234,Richart,Jacqueminot,rjacqueminot6h@blog.com
235,Alphonso,Eatherton,aeatherton6i@opensource.org
236,Leonhard,Steptowe,lsteptowe6j@wired.com
237,Brett,Pietrasik,bpietrasik6k@taobao.com
238,Abagael,Myers,amyers6l@spiegel.de
239,Amil,Hamstead,ahamstead6m@examiner.com
240,Allan,Howard,ahoward6n@chronoengine.com
241,Alexi,Mc Grath,amcgrath6o@cocolog-nifty.com
242,Sibeal,Hughill,shughill6p@japanpost.jp
243,Carmen,Gaydon,cgaydon6q@spotify.com
244,Olympie,Futcher,ofutcher6r@meetup.com
245,Dewie,Polino,dpolino6s@ft.com
246,Maegan,Barneville,mbarneville6t@gravatar.com
247,Felicity,Tribbeck,ftribbeck6u@nba.com
248,Obediah,Crinkley,ocrinkley6v@odnoklassniki.ru
249,Page,Austwick,paustwick6w@wufoo.com
250,Gigi,Gouley,ggouley6x@timesonline.co.uk
251,Mitchell,Huntingford,mhuntingford6y@gizmodo.com
252,Mildred,Chalkly,mchalkly6z@gizmodo.com
253,Emalee,Colls,ecolls70@rakuten.co.jp
254,Timoteo,Bracco,tbracco71@engadget.com
255,Elisabetta,Briereton,ebriereton72@amazon.co.jp
256,Berton,Brahams,bbrahams73@bizjournals.com
257,Zorana,Dunnaway,zdunnaway74@ovh.net
258,Kira,Dillon,kdillon75@house.gov
259,Lilith,Haet,lhaet76@furl.net
260,Jacquetta,Falls,jfalls77@bloglines.com
261,Felicdad,Pieracci,fpieracci78@mtv.com
262,Trudey,Pascoe,tpascoe79@mapy.cz
263,Willie,Bottoms,wbottoms7a@nydailynews.com
264,Lolly,Paulillo,lpaulillo7b@de.vu
265,Lyndsie,Timewell,ltimewell7c@uiuc.edu
266,Romona,Carbine,rcarbine7d@nsw.gov.au
267,Nancey,Lidgley,nlidgley7e@51.la
268,Tatiana,Hartzenberg,thartzenberg7f@ft.com
269,Genevra,Peggs,gpeggs7g@marriott.com
270,Myrilla,Allmann,mallmann7h@yolasite.com
271,Inigo,O'Docherty,iodocherty7i@toplist.cz
272,Mallorie,Jacobovitch,mjacobovitch7j@apple.com
273,Georgia,Danshin,gdanshin7k@pbs.org
274,Konstanze,Trengrouse,ktrengrouse7l@pagesperso-orange.fr
275,Efren,Sedman,esedman7m@rakuten.co.jp
276,Gwynne,Pien,gpien7n@bbc.co.uk
277,Fowler,Tammadge,ftammadge7o@smugmug.com
278,Ines,Bowdrey,ibowdrey7p@ucoz.com
279,Kristyn,Irdale,kirdale7q@hubpages.com
280,Michel,Gyurko,mgyurko7r@squidoo.com
281,Dasya,Flores,dflores7s@narod.ru
282,Anna-diane,Becerra,abecerra7t@cnbc.com
283,Ilka,Kerrod,ikerrod7u@sfgate.com
284,Layla,Hambric,lhambric7v@dedecms.com
285,Evin,Josephson,ejosephson7w@hc360.com
286,Maighdiln,Pawsey,mpawsey7x@mediafire.com
287,Marnie,Mercik,mmercik7y@a8.net
288,Davon,Springford,dspringford7z@bloomberg.com
289,Grazia,Thomen,gthomen80@nps.gov
290,Abelard,Petrozzi,apetrozzi81@goodreads.com
291,Arlyn,Taplow,ataplow82@stumbleupon.com
292,Steve,Mogenot,smogenot83@lycos.com
293,Brunhilde,Robertsson,brobertsson84@home.pl
294,Kaye,Snufflebottom,ksnufflebottom85@statcounter.com
295,Lisette,Jannequin,ljannequin86@ovh.net
296,Alta,Yter,ayter87@salon.com
297,Lamont,Bargh,lbargh88@slashdot.org
298,Hartley,Grimsey,hgrimsey89@msu.edu
299,Corbin,Bissatt,cbissatt8a@hp.com
300,Mohammed,Sturgeon,msturgeon8b@utexas.edu
301,Jeana,Crowche,jcrowche8c@hhs.gov
302,Christabella,Duddin,cduddin8d@spiegel.de
303,Byram,Chicchelli,bchicchelli8e@nasa.gov
304,Nelson,Spendlove,nspendlove8f@1688.com
305,Clemmie,Merigon,cmerigon8g@infoseek.co.jp
306,Leyla,Nockells,lnockells8h@google.de
307,Danit,Elwin,delwin8i@facebook.com
308,Morgan,Wolstencroft,mwolstencroft8j@storify.com
309,Mommy,Morbey,mmorbey8k@parallels.com
310,Tomas,Leaburn,tleaburn8l@auda.org.au
311,Imogen,Ralph,iralph8m@harvard.edu
312,Bronson,Martinho,bmartinho8n@posterous.com
313,Lenora,Wase,lwase8o@foxnews.com
314,Ediva,Ramsted,eramsted8p@paypal.com
315,Anett,Titmuss,atitmuss8q@godaddy.com
316,Saraann,Marrison,smarrison8r@4shared.com
317,Carri,Soutter,csoutter8s@wikimedia.org
318,Adrea,Asprey,aasprey8t@squidoo.com
319,Peyter,Haighton,phaighton8u@va.gov
320,Magdalene,Allon,mallon8v@wp.com
321,Cornelia,Pantlin,cpantlin8w@washington.edu
322,Aila,Woodthorpe,awoodthorpe8x@unesco.org
323,Trixy,Lippiett,tlippiett8y@ezinearticles.com
324,Tobit,Prestner,tprestner8z@seattletimes.com
325,Savina,Hopfer,shopfer90@addthis.com
326,Lilia,Delafont,ldelafont91@seesaa.net
327,Illa,Gudgin,igudgin92@marketwatch.com
328,Verina,Cliss,vcliss93@china.com.cn
329,Dannel,Vaszoly,dvaszoly94@independent.co.uk
330,Valida,Endersby,vendersby95@squidoo.com
331,Tome,Sarra,tsarra96@multiply.com
332,Trevor,Elwel,telwel97@canalblog.com
333,Kary,Costan,kcostan98@utexas.edu
334,Haley,Kleinstern,hkleinstern99@youtube.com
335,Geoffry,Bendel,gbendel9a@addthis.com
336,Matty,Menco,mmenco9b@europa.eu
337,Murry,Shemelt,mshemelt9c@netvibes.com
338,Adolph,De La Hay,adelahay9d@businessinsider.com
339,Klara,Abramcik,kabramcik9e@dmoz.org
340,Jorry,Trowell,jtrowell9f@deviantart.com
341,Anatol,Fergusson,afergusson9g@netvibes.com
342,Daniela,Northeast,dnortheast9h@google.de
343,Riki,Mattholie,rmattholie9i@wikipedia.org
344,Marlyn,Kibbey,mkibbey9j@paypal.com
345,Andris,Kermeen,akermeen9k@multiply.com
346,Melisent,Pawson,mpawson9l@ning.com
347,Coretta,Featherby,cfeatherby9m@irs.gov
348,Adolf,Toffts,atoffts9n@sohu.com
349,Kattie,Frisby,kfrisby9o@tuttocitta.it
350,Fonsie,Wermerling,fwermerling9p@dagondesign.com
351,Coleman,Beagen,cbeagen9q@theatlantic.com
352,Ilse,Duffan,iduffan9r@cbsnews.com
353,Joel,Rodmell,jrodmell9s@earthlink.net
354,Hobey,Sparkwell,hsparkwell9t@bigcartel.com
355,Yulma,Mousley,ymousley9u@myspace.com
356,Donetta,Clinch,dclinch9v@gmpg.org
357,Cosme,Rugg,crugg9w@dell.com
358,Dev,Moses,dmoses9x@issuu.com
359,Yoshiko,Churches,ychurches9y@house.gov
360,Pieter,Risman,prisman9z@youtube.com
361,Debora,Fussie,dfussiea0@constantcontact.com
362,Nehemiah,Rubie,nrubiea1@mit.edu
363,Sigrid,Ginnane,sginnanea2@oracle.com
364,Isidor,Mosedall,imosedalla3@list-manage.com
365,Claiborn,Holtom,choltoma4@networkadvertising.org
366,Cob,Sibbering,csibberinga5@domainmarket.com
367,Dominica,Provis,dprovisa6@live.com
368,Chickie,Amer,camera7@abc.net.au
369,Emylee,Bang,ebanga8@stanford.edu
370,Ira,Poppleton,ipoppletona9@list-manage.com
371,Josephine,Conti,jcontiaa@bizjournals.com
372,Mela,Conneau,mconneauab@sourceforge.net
373,Minny,Dine-Hart,mdinehartac@bigcartel.com
374,Skylar,Gammel,sgammelad@com.com
375,Demetra,Yacobsohn,dyacobsohnae@guardian.co.uk
376,Rachelle,Prop,rpropaf@vistaprint.com
377,Bogart,Lodevick,blodevickag@artisteer.com
378,Fletcher,Parrington,fparringtonah@bandcamp.com
379,Angelia,Dewi,adewiai@shareasale.com
380,Jasmin,Belt,jbeltaj@earthlink.net
381,Erny,Butt Gow,ebuttgowak@free.fr
382,Marsh,Dukesbury,mdukesburyal@sakura.ne.jp
383,Wain,Posen,wposenam@about.com
384,Ashby,McLaggan,amclagganan@cdbaby.com
385,Alain,D'Arrigo,adarrigoao@wix.com
386,Liam,Amiss,lamissap@dot.gov
387,Mariann,Jaray,mjarayaq@patch.com
388,Lay,Cropp,lcroppar@alexa.com
389,Ramon,MacLachlan,rmaclachlanas@pcworld.com
390,Rosamond,Townby,rtownbyat@unc.edu
391,Pauline,Pedreschi,ppedreschiau@patch.com
392,Taite,Maybury,tmayburyav@globo.com
393,Terrance,Tothacot,ttothacotaw@skype.com
394,Joshuah,Giottoi,jgiottoiax@cafepress.com
395,Paulita,Upstone,pupstoneay@webnode.com
396,Tiffani,Leggon,tleggonaz@microsoft.com
397,Hester,Yitzovicz,hyitzoviczb0@goo.ne.jp
398,Noella,Hellen,nhellenb1@tmall.com
399,Leah,Meale,lmealeb2@sourceforge.net
400,Abraham,Leyborne,aleyborneb3@upenn.edu
401,Devan,Burgon,dburgonb4@yandex.ru
402,Nikola,Paolinelli,npaolinellib5@columbia.edu
403,Sandy,Rizzini,srizzinib6@wikimedia.org
404,Ives,Easterby,ieasterbyb7@wufoo.com
405,Archibold,Dilleston,adillestonb8@networksolutions.com
406,Chickie,Tomblin,ctomblinb9@mail.ru
407,Andromache,Gowar,agowarba@dmoz.org
408,Antonin,Kernar,akernarbb@army.mil
409,Ewen,Dobeson,edobesonbc@github.io
410,Raf,Nary,rnarybd@nps.gov
411,Layton,Pollicatt,lpollicattbe@ed.gov
412,Sophie,McCaughran,smccaughranbf@examiner.com
413,Benjie,Lowerson,blowersonbg@1688.com
414,Constantino,Blackly,cblacklybh@cisco.com
415,Shannon,Tunuy,stunuybi@dailymail.co.uk
416,Cybil,Dyball,cdyballbj@wsj.com
417,Anissa,Lodovichi,alodovichibk@alexa.com
418,Rickie,Welham,rwelhambl@digg.com
419,Paule,McGann,pmcgannbm@quantcast.com
420,Justina,Grimley,jgrimleybn@stumbleupon.com
421,Tabbie,Gauche,tgauchebo@dell.com
422,Nara,Cowlard,ncowlardbp@multiply.com
423,Francklin,Shirlaw,fshirlawbq@sfgate.com
424,Jami,Gambell,jgambellbr@ning.com
425,Paolo,Petrollo,ppetrollobs@tripod.com
426,Annamaria,Parratt,aparrattbt@boston.com
427,Kore,Nettleship,knettleshipbu@prnewswire.com
428,Darby,Morse,dmorsebv@exblog.jp
429,Sanford,Serrell,sserrellbw@arizona.edu
430,Fiann,Hacking,fhackingbx@simplemachines.org
431,Kaspar,Breckenridge,kbreckenridgeby@mit.edu
432,Raddie,Succamore,rsuccamorebz@army.mil
433,Rosemary,Clevely,rclevelyc0@spotify.com
434,Gabriella,Riguard,griguardc1@squarespace.com
435,Adelbert,Krolman,akrolmanc2@blogs.com
436,Jsandye,Aireton,jairetonc3@twitter.com
437,Gena,Stoddart,gstoddartc4@furl.net
438,Laural,Bovaird,lbovairdc5@webeden.co.uk
439,Vachel,Eyckelberg,veyckelbergc6@technorati.com
440,Pat,Leader,pleaderc7@e-recht24.de
441,Arnold,Mapother,amapotherc8@soup.io
442,Wenona,Luscombe,wluscombec9@sourceforge.net
443,Clare,Spohr,cspohrca@examiner.com
444,Emmeline,Greener,egreenercb@zimbio.com
445,Tobit,Neames,tneamescc@webmd.com
446,Nehemiah,Ravelus,nraveluscd@fema.gov
447,Sonia,Lembke,slembkece@aboutads.info
448,Peirce,Scarlett,pscarlettcf@icio.us
449,Ketti,Pettican,kpetticancg@pcworld.com
450,Leora,Plaister,lplaisterch@boston.com
451,Tanny,Millier,tmillierci@goo.ne.jp
452,Archibaldo,Shippey,ashippeycj@gizmodo.com
453,Buddy,Fandrey,bfandreyck@google.nl
454,Maud,Batisse,mbatissecl@dyndns.org
455,Margareta,Camsey,mcamseycm@naver.com
456,Allayne,Large,alargecn@istockphoto.com
457,Alair,Dancey,adanceyco@jimdo.com
458,Kearney,Norree,knorreecp@uiuc.edu
459,Shandeigh,Nother,snothercq@networkadvertising.org
460,Terry,Corbett,tcorbettcr@seesaa.net
461,Temple,Konerding,tkonerdingcs@t.co
462,Coop,Lowater,clowaterct@acquirethisname.com
463,Tanitansy,Bewicke,tbewickecu@nymag.com
464,Stevena,Sadry,ssadrycv@scribd.com
465,Gaby,Cretney,gcretneycw@merriam-webster.com
466,Loretta,Lott,llottcx@newyorker.com
467,Wyatan,Date,wdatecy@is.gd
468,Gerardo,Allbut,gallbutcz@timesonline.co.uk
469,Deane,Norssister,dnorssisterd0@wix.com
470,Mickie,Izakovitz,mizakovitzd1@alibaba.com
471,Eran,Phin,ephind2@myspace.com
472,Giffy,Merriday,gmerridayd3@meetup.com
473,Loraine,Verma,lvermad4@facebook.com
474,Diahann,Camilli,dcamillid5@un.org
475,Elsa,Gamlyn,egamlynd6@deliciousdays.com
476,Madeline,Menham,mmenhamd7@hp.com
477,Rourke,Porson,rporsond8@spotify.com
478,Dell,Durnill,ddurnilld9@diigo.com
479,Nolan,Spollen,nspollenda@mapquest.com
480,Rowney,Jessop,rjessopdb@berkeley.edu
481,Ina,Flude,ifludedc@illinois.edu
482,Carlye,Carillo,ccarillodd@oakley.com
483,Eve,Diloway,edilowayde@vkontakte.ru
484,Hesther,Keniwell,hkeniwelldf@adobe.com
485,Katee,McCloy,kmccloydg@miibeian.gov.cn
486,Erin,Feldstein,efeldsteindh@gmpg.org
487,Neilla,Tetther,ntettherdi@illinois.edu
488,Gweneth,Pennazzi,gpennazzidj@blogger.com
489,Junette,Syddon,jsyddondk@tripod.com
490,Brina,Stirton,bstirtondl@cbsnews.com
491,Grier,Hattersley,ghattersleydm@geocities.com
492,Lizbeth,Brennans,lbrennansdn@flickr.com
493,Tiebold,Wordsley,twordsleydo@webs.com
494,Pattin,Blackmuir,pblackmuirdp@google.com
495,Barbabas,Nuschke,bnuschkedq@nature.com
496,Reg,Atkins,ratkinsdr@marketwatch.com
497,Lucky,Overell,loverellds@engadget.com
498,Myrwyn,Wakelin,mwakelindt@reuters.com
499,Audrey,Weippert,aweippertdu@google.ru
500,Daisie,Clempton,dclemptondv@abc.net.au
501,Kamilah,Loxley,kloxleydw@economist.com
502,Danyelle,Bridgwater,dbridgwaterdx@bravesites.com
503,Tracey,Dainty,tdaintydy@un.org
504,Bianca,Swettenham,bswettenhamdz@pcworld.com
505,Aloisia,Szachniewicz,aszachniewicze0@dedecms.com
506,Farlie,Radke,fradkee1@seattletimes.com
507,Carlyle,Edscer,cedscere2@slideshare.net
508,Lara,Archibald,larchibalde3@dot.gov
509,Leontine,Leare,llearee4@ehow.com
510,Devondra,Lydford,dlydforde5@themeforest.net
511,Livvie,McClory,lmcclorye6@paginegialle.it
512,Bruis,Bonifazio,bbonifazioe7@hp.com
513,Carlotta,Whopples,cwhopplese8@tiny.cc
514,Fee,Keesman,fkeesmane9@booking.com
515,Nevins,Argent,nargentea@livejournal.com
516,Lion,Mendes,lmendeseb@ox.ac.uk
517,Hinda,Ellams,hellamsec@people.com.cn
518,Edgard,Jankovsky,ejankovskyed@goodreads.com
519,Zsa zsa,Persey,zperseyee@mozilla.com
520,Lorne,Dubose,lduboseef@sciencedaily.com
521,Rebe,Brownsmith,rbrownsmitheg@harvard.edu
522,Anallise,Dunbobin,adunbobineh@techcrunch.com
523,Bernadette,Gosenell,bgosenellei@usda.gov
524,Myrlene,Honnicott,mhonnicottej@paginegialle.it
525,Brunhilde,Schonfelder,bschonfelderek@hp.com
526,Janetta,Brosh,jbroshel@tiny.cc
527,Elberta,Behninck,ebehninckem@bloomberg.com
528,Balduin,Mcwhinney,bmcwhinneyen@oaic.gov.au
529,Franky,Grayshan,fgrayshaneo@privacy.gov.au
530,Brandtr,Thorbon,bthorbonep@webs.com
531,Martica,Frankcomb,mfrankcombeq@europa.eu
532,Bonnie,Poad,bpoader@microsoft.com
533,Dominga,Burkin,dburkines@ow.ly
534,Cobb,Feasley,cfeasleyet@blogtalkradio.com
535,Phedra,Baudichon,pbaudichoneu@omniture.com
536,Jarred,Shrigley,jshrigleyev@archive.org
537,Bernie,Retallick,bretallickew@jigsy.com
538,Rosy,Whitlock,rwhitlockex@google.pl
539,Madge,Nutley,mnutleyey@weibo.com
540,Diena,Craig,dcraigez@yellowbook.com
541,Baxie,Le Fleming,bleflemingf0@google.es
542,Cherish,Braund,cbraundf1@illinois.edu
543,Carmela,Tomczykowski,ctomczykowskif2@jigsy.com
544,Charlotte,McGragh,cmcgraghf3@wisc.edu
545,Norah,Bilt,nbiltf4@pen.io
546,Bethina,Moreno,bmorenof5@mac.com
547,Rockwell,Custed,rcustedf6@whitehouse.gov
548,Rodrick,Fullbrook,rfullbrookf7@hc360.com
549,Gregoire,Summerly,gsummerlyf8@ifeng.com
550,Curcio,McGuigan,cmcguiganf9@wunderground.com
551,Moshe,Laurens,mlaurensfa@tuttocitta.it
552,Ferdinand,Melendez,fmelendezfb@wufoo.com
553,Ruby,Aikenhead,raikenheadfc@berkeley.edu
554,Nicol,Lantiffe,nlantiffefd@umich.edu
555,Filippa,Caghy,fcaghyfe@acquirethisname.com
556,Eliza,Longhirst,elonghirstff@nymag.com
557,Shermy,Guiet,sguietfg@aboutads.info
558,Kalindi,Stithe,kstithefh@yelp.com
559,Marcelo,Breton,mbretonfi@privacy.gov.au
560,Otha,Stoodale,ostoodalefj@smh.com.au
561,Harrie,Apedaile,hapedailefk@amazon.co.jp
562,Decca,Elphinstone,delphinstonefl@moonfruit.com
563,Grethel,Hammell,ghammellfm@techcrunch.com
564,Wheeler,Vicent,wvicentfn@ask.com
565,Lanny,Pounds,lpoundsfo@tinyurl.com
566,Jasper,Gansbuhler,jgansbuhlerfp@imdb.com
567,Abby,Pollok,apollokfq@yandex.ru
568,Maximo,Jealous,mjealousfr@parallels.com
569,Tamara,Ovenell,tovenellfs@icio.us
570,Calla,Eudall,ceudallft@imageshack.us
571,Zacharia,Deabill,zdeabillfu@addtoany.com
572,Sonnie,Wisher,swisherfv@simplemachines.org
573,Maurene,Ledner,mlednerfw@kickstarter.com
574,Gaylene,Grindley,ggrindleyfx@netscape.com
575,Annora,Martinec,amartinecfy@cafepress.com
576,Chastity,Rohlfs,crohlfsfz@weather.com
577,Maisey,Pantin,mpanting0@ehow.com
578,Katleen,Puckinghorne,kpuckinghorneg1@accuweather.com
579,Darn,Elven,delveng2@admin.ch
580,Clo,Arntzen,carntzeng3@cbslocal.com
581,Zorina,Chellingworth,zchellingworthg4@addthis.com
582,Melicent,Leamy,mleamyg5@princeton.edu
583,Anallise,Domoney,adomoneyg6@mail.ru
584,Magdalena,Willimott,mwillimottg7@abc.net.au
585,Carole,Casely,ccaselyg8@yahoo.com
586,Greggory,Plose,gploseg9@chronoengine.com
587,Mycah,Millgate,mmillgatega@wikia.com
588,Colman,Keele,ckeelegb@joomla.org
589,Anetta,Mallindine,amallindinegc@soup.io
590,Layney,Plaschke,lplaschkegd@illinois.edu
591,Chico,Gawthrope,cgawthropege@blogspot.com
592,Averil,Binfield,abinfieldgf@google.es
593,Clayborne,Sanson,csansongg@mediafire.com
594,Deedee,Barkworth,dbarkworthgh@usgs.gov
595,Brett,McCorrie,bmccorriegi@mlb.com
596,Kerri,Etherton,kethertongj@msn.com
597,Waite,Surcombe,wsurcombegk@google.co.uk
598,Norma,Lenz,nlenzgl@cyberchimps.com
599,Sherrie,Medcalfe,smedcalfegm@cloudflare.com
600,Bianca,Larchier,blarchiergn@blogspot.com
601,Arv,Ivankov,aivankovgo@springer.com
602,Ciro,Gorioli,cgorioligp@lulu.com
603,Lyndell,Sketh,lskethgq@wordpress.com
604,Suzy,Vankeev,svankeevgr@alexa.com
605,Rollo,Biss,rbissgs@reverbnation.com
606,Twyla,Leeb,tleebgt@51.la
607,Raquel,Tamburo,rtamburogu@networkadvertising.org
608,Darrin,Sharpling,dsharplinggv@nbcnews.com
609,Karl,Barz,kbarzgw@netlog.com
610,Benson,Wreiford,bwreifordgx@list-manage.com
611,Ferd,Litzmann,flitzmanngy@privacy.gov.au
612,Lilian,Aleswell,laleswellgz@tmall.com
613,Fernanda,Hindmoor,fhindmoorh0@washingtonpost.com
614,Gray,Atcherley,gatcherleyh1@google.es
615,Maighdiln,Romand,mromandh2@freewebs.com
616,Laverne,Clift,lclifth3@skyrock.com
617,Calli,Wellington,cwellingtonh4@yale.edu
618,Gipsy,Dewett,gdewetth5@shutterfly.com
619,Tatum,Planque,tplanqueh6@ebay.com
620,Hyacinthia,Volk,hvolkh7@tinypic.com
621,Antonella,Pyser,apyserh8@eventbrite.com
622,Ebba,Loyndon,eloyndonh9@oakley.com
623,Cathrine,Skone,cskoneha@cornell.edu
624,Estelle,Brighty,ebrightyhb@ft.com
625,Mac,D'Agostino,mdagostinohc@skyrock.com
626,Ernst,McWhirter,emcwhirterhd@fotki.com
627,Sibby,Cocklin,scocklinhe@sbwire.com
628,Vivia,Grewcock,vgrewcockhf@cornell.edu
629,Nike,Burton,nburtonhg@opera.com
630,Joann,Kelley,jkelleyhh@wikipedia.org
631,Lynnelle,Whiteman,lwhitemanhi@sogou.com
632,Rollin,Spriggen,rspriggenhj@flickr.com
633,Debby,McGiffie,dmcgiffiehk@oaic.gov.au
634,Laureen,Durrington,ldurringtonhl@tumblr.com
635,Ulises,Baythrop,ubaythrophm@google.ru
636,Gaby,Zecchinii,gzecchiniihn@blogtalkradio.com
637,Dorelia,Hicken,dhickenho@virginia.edu
638,Erin,Kitchener,ekitchenerhp@cocolog-nifty.com
639,Selby,O'Nowlan,sonowlanhq@topsy.com
640,Scott,Pods,spodshr@wisc.edu
641,Trina,Jeves,tjeveshs@slate.com
642,Micheline,St. Leger,mstlegerht@prlog.org
643,Giorgia,Pickle,gpicklehu@comcast.net
644,Hayes,Thoumasson,hthoumassonhv@google.ca
645,Cacilia,Razoux,crazouxhw@japanpost.jp
646,Karlotta,Querrard,kquerrardhx@clickbank.net
647,Dalton,Laxtonne,dlaxtonnehy@rediff.com
648,Lin,McCarly,lmccarlyhz@wsj.com
649,Marve,Blennerhassett,mblennerhassetti0@uol.com.br
650,Burt,Shawl,bshawli1@php.net
651,Meggie,Boulden,mbouldeni2@xinhuanet.com
652,Myrah,Eakens,meakensi3@narod.ru
653,Morgan,Pyrton,mpyrtoni4@thetimes.co.uk
654,Tan,Early,tearlyi5@constantcontact.com
655,Mara,Zealey,mzealeyi6@tripadvisor.com
656,Imogene,Rideout,irideouti7@mozilla.com
657,Ignacio,Rickets,iricketsi8@aboutads.info
658,Genevra,Ackeroyd,gackeroydi9@w3.org
659,Gerry,Blacklidge,gblacklidgeia@loc.gov
660,Lita,Robinette,lrobinetteib@blog.com
661,Jessamine,Mewe,jmeweic@hp.com
662,Waverley,Neller,wnellerid@ustream.tv
663,Teddy,Drance,tdranceie@a8.net
664,Anna,Hackford,ahackfordif@bing.com
665,Merlina,Parks,mparksig@nifty.com
666,Annabell,Kettlesing,akettlesingih@si.edu
667,Hy,Delwater,hdelwaterii@trellian.com
668,Lavena,McMillam,lmcmillamij@abc.net.au
669,Joli,Barrim,jbarrimik@amazon.com
670,Glenn,Breche,gbrecheil@reverbnation.com
671,Philipa,Lanchester,planchesterim@nature.com
672,Fernanda,Woolcocks,fwoolcocksin@oaic.gov.au
673,Al,Lavalde,alavaldeio@dell.com
674,Yolande,Brookhouse,ybrookhouseip@ifeng.com
675,Anthe,Clemensen,aclemenseniq@geocities.jp
676,Hazel,Ternouth,hternouthir@yahoo.com
677,Trudie,Benwell,tbenwellis@psu.edu
678,Hieronymus,Munnery,hmunneryit@nydailynews.com
679,Chrissy,Briiginshaw,cbriiginshawiu@usgs.gov
680,Ker,Alday,kaldayiv@wired.com
681,Jonell,Comfort,jcomfortiw@360.cn
682,Elisha,Cressingham,ecressinghamix@dion.ne.jp
683,Curtice,Vaen,cvaeniy@cnet.com
684,Ianthe,Gogay,igogayiz@cloudflare.com
685,Jo-anne,McCreery,jmccreeryj0@google.es
686,Mycah,Josofovitz,mjosofovitzj1@themeforest.net
687,Agathe,Repper,arepperj2@moonfruit.com
688,Tamera,Astin,tastinj3@webmd.com
689,Randal,Bryan,rbryanj4@blog.com
690,Shena,Elloy,selloyj5@sohu.com
691,Clo,Casetta,ccasettaj6@va.gov
692,Sanders,Dainton,sdaintonj7@simplemachines.org
693,Mireille,Duffer,mdufferj8@aboutads.info
694,Bren,Dormer,bdormerj9@jimdo.com
695,Christen,Winspeare,cwinspeareja@latimes.com
696,Brandie,Napthine,bnapthinejb@sciencedirect.com
697,Niles,Pendlebury,npendleburyjc@quantcast.com
698,Deana,Gelder,dgelderjd@bbb.org
699,Creighton,Quirk,cquirkje@seattletimes.com
700,Kath,Vales,kvalesjf@vistaprint.com
701,Mara,Malham,mmalhamjg@barnesandnoble.com
702,Lory,Dallow,ldallowjh@addtoany.com
703,Yolanda,Lorroway,ylorrowayji@acquirethisname.com
704,Leonerd,Gypson,lgypsonjj@tuttocitta.it
705,Haily,Cathenod,hcathenodjk@globo.com
706,Alanna,Trewhela,atrewhelajl@w3.org
707,Kimberlyn,Rains,krainsjm@netscape.com
708,Marthena,Windrus,mwindrusjn@cafepress.com
709,Zeb,Butterworth,zbutterworthjo@alibaba.com
710,Pearle,Janks,pjanksjp@latimes.com
711,Sidnee,Olifard,solifardjq@instagram.com
712,Alfred,Greatbanks,agreatbanksjr@squidoo.com
713,Janifer,Shafe,jshafejs@shutterfly.com
714,Brenden,Playford,bplayfordjt@flickr.com
715,Derek,Moody,dmoodyju@goo.gl
716,Ulrich,McNickle,umcnicklejv@wordpress.org
717,Chucho,Jager,cjagerjw@theglobeandmail.com
718,Roana,Bottoms,rbottomsjx@geocities.jp
719,Morganne,Baily,mbailyjy@blog.com
720,Belita,Keld,bkeldjz@diigo.com
721,Kiley,McElroy,kmcelroyk0@uol.com.br
722,Demeter,Bendle,dbendlek1@last.fm
723,Tate,Wortt,tworttk2@house.gov
724,Elsey,Maddison,emaddisonk3@g.co
725,Vonni,Farny,vfarnyk4@forbes.com
726,Cissiee,Caccavella,ccaccavellak5@umn.edu
727,Reinhold,Ruperto,rrupertok6@sciencedaily.com
728,Nilson,Farnin,nfarnink7@omniture.com
729,Cameron,McKeowon,cmckeowonk8@irs.gov
730,Chadwick,Arnoult,carnoultk9@indiatimes.com
731,Ajay,Lant,alantka@ow.ly
732,Roosevelt,Patek,rpatekkb@dion.ne.jp
733,Krista,Gavrielly,kgavriellykc@quantcast.com
734,Shaun,Ibbott,sibbottkd@amazon.com
735,Valida,Yarrall,vyarrallke@opensource.org
736,Forester,Matussevich,fmatussevichkf@ehow.com
737,Eduardo,Woodcock,ewoodcockkg@fema.gov
738,Melli,Alpine,malpinekh@imgur.com
739,Nelly,Costain,ncostainki@cbslocal.com
740,Dion,Witchard,dwitchardkj@feedburner.com
741,Salome,MacGregor,smacgregorkk@irs.gov
742,Brnaby,Bagley,bbagleykl@google.it
743,Marybeth,Holbie,mholbiekm@nytimes.com
744,Tess,Pietranek,tpietranekkn@typepad.com
745,Ravid,Iltchev,riltchevko@jalbum.net
746,Shelagh,Rush,srushkp@microsoft.com
747,Cristabel,Wisdom,cwisdomkq@hao123.com
748,Karen,De la croix,kdelacroixkr@yahoo.co.jp
749,Justin,Lauridsen,jlauridsenks@deliciousdays.com
750,Esme,Enrique,eenriquekt@cdc.gov
751,Bessie,Rawls,brawlsku@4shared.com
752,Deb,Rozier,drozierkv@uol.com.br
753,Tiffie,Furzer,tfurzerkw@dailymotion.com
754,Ignaz,Fassbender,ifassbenderkx@naver.com
755,Debbie,Thick,dthickky@miibeian.gov.cn
756,Elke,MacAlpine,emacalpinekz@parallels.com
757,Padgett,Ettels,pettelsl0@hao123.com
758,Fiona,Calder,fcalderl1@sfgate.com
759,Bronny,Demogeot,bdemogeotl2@163.com
760,Vevay,Buxcy,vbuxcyl3@ocn.ne.jp
761,Hernando,Jaumet,hjaumetl4@icio.us
762,Bee,Grishelyov,bgrishelyovl5@mail.ru
763,Brita,Burnitt,bburnittl6@naver.com
764,Ariadne,Byass,abyassl7@yahoo.com
765,Giorgio,Cochet,gcochetl8@toplist.cz
766,Pen,Duffill,pduffilll9@is.gd
767,Cyril,Fagence,cfagencela@yolasite.com
768,Eada,Bohlje,ebohljelb@free.fr
769,Ariella,Gamblin,agamblinlc@yandex.ru
770,Nan,Patterson,npattersonld@51.la
771,Milty,MacBarron,mmacbarronle@mac.com
772,Kasper,Fewings,kfewingslf@live.com
773,Ibrahim,Hallewell,ihallewelllg@msn.com
774,Marcy,Scollard,mscollardlh@va.gov
775,Bernetta,Rickeard,brickeardli@dmoz.org
776,Tabitha,Pedrollo,tpedrollolj@quantcast.com
777,Windy,Kirkam,wkirkamlk@geocities.com
778,Tannie,Tapply,ttapplyll@friendfeed.com
779,Pail,Carluccio,pcarlucciolm@java.com
780,Karin,Bloan,kbloanln@state.gov
781,Tanney,Gilhoolie,tgilhoolielo@google.pl
782,Arny,Itzhaiek,aitzhaieklp@joomla.org
783,Tonia,Bardnam,tbardnamlq@paginegialle.it
784,Lola,Blundin,lblundinlr@surveymonkey.com
785,Jenn,Hum,jhumls@hexun.com
786,Dunstan,Rawcliffe,drawcliffelt@sbwire.com
787,Shel,Muxworthy,smuxworthylu@ocn.ne.jp
788,Brien,Moffatt,bmoffattlv@rambler.ru
789,Thedrick,Daspar,tdasparlw@deliciousdays.com
790,Fernandina,Beacham,fbeachamlx@shinystat.com
791,Lynde,Poznanski,lpoznanskily@squarespace.com
792,Kanya,Nealand,knealandlz@live.com
793,Laure,Cowmeadow,lcowmeadowm0@google.ru
794,Natalina,Sherland,nsherlandm1@odnoklassniki.ru
795,Rhiamon,Cicchelli,rcicchellim2@wired.com
796,Vinny,Eakly,veaklym3@tripadvisor.com
797,Kiah,Nind,knindm4@reddit.com
798,Clayborn,Prescot,cprescotm5@nbcnews.com
799,Vannie,Gateland,vgatelandm6@sbwire.com
800,Lanny,Duiguid,lduiguidm7@goodreads.com
801,Jamesy,Caudrelier,jcaudrelierm8@bravesites.com
802,Gisele,Rijkeseis,grijkeseism9@bravesites.com
803,Anitra,Rawkesby,arawkesbyma@apache.org
804,Troy,Coulthard,tcoulthardmb@wordpress.org
805,Tony,Grisard,tgrisardmc@seattletimes.com
806,Heidie,Pallas,hpallasmd@dedecms.com
807,Gilberte,Ricardon,gricardonme@cnn.com
808,Josefina,Artis,jartismf@senate.gov
809,Austine,Tulloch,atullochmg@hostgator.com
810,Almeria,Driussi,adriussimh@creativecommons.org
811,Vivyan,Thomasen,vthomasenmi@bloomberg.com
812,Ethan,Masser,emassermj@devhub.com
813,Megan,Jarrette,mjarrettemk@rakuten.co.jp
814,Aldon,Hartridge,ahartridgeml@liveinternet.ru
815,Griffy,MacIntosh,gmacintoshmm@bloomberg.com
816,Suzanne,Helix,shelixmn@sakura.ne.jp
817,Abram,Pridding,apriddingmo@ox.ac.uk
818,Maxy,Caddick,mcaddickmp@godaddy.com
819,Corney,Corley,ccorleymq@vistaprint.com
820,Thatch,Yonnie,tyonniemr@pinterest.com
821,Imojean,Gregoraci,igregoracims@wired.com
822,Gearard,Hackworthy,ghackworthymt@admin.ch
823,Oralle,MacMeanma,omacmeanmamu@paypal.com
824,Derry,Mott,dmottmv@mapquest.com
825,Alvy,Jonah,ajonahmw@fastcompany.com
826,Kyle,Bubbins,kbubbinsmx@google.com.au
827,Jilleen,Pead,jpeadmy@bizjournals.com
828,Melba,Burgum,mburgummz@earthlink.net
829,Anna-maria,Albury,aalburyn0@ustream.tv
830,Randie,Levinge,rlevingen1@nydailynews.com
831,Hatti,Seller,hsellern2@geocities.jp
832,Dorian,Coggings,dcoggingsn3@artisteer.com
833,Fara,Heinrich,fheinrichn4@tamu.edu
834,Merrielle,Iannello,miannellon5@mozilla.org
835,Holly-anne,Shooter,hshootern6@hugedomains.com
836,Jemimah,Moloney,jmoloneyn7@1und1.de
837,Gregor,Praundlin,gpraundlinn8@tripod.com
838,Heddie,Simonnet,hsimonnetn9@freewebs.com
839,Ira,Whysall,iwhysallna@ovh.net
840,Cece,Blacksell,cblacksellnb@sakura.ne.jp
841,Cy,Fitzhenry,cfitzhenrync@pagesperso-orange.fr
842,Allister,Malcolm,amalcolmnd@e-recht24.de
843,Granny,Chatten,gchattenne@mit.edu
844,Evvie,Morrill,emorrillnf@nationalgeographic.com
845,Leonidas,Brundell,lbrundellng@buzzfeed.com
846,Geoffry,Ludwell,gludwellnh@fc2.com
847,Kristyn,Salack,ksalackni@narod.ru
848,Hermie,Elnough,helnoughnj@businessweek.com
849,Coop,Kellett,ckellettnk@php.net
850,Ame,Rockingham,arockinghamnl@ow.ly
851,Felike,Odegaard,fodegaardnm@si.edu
852,Georgeta,Waldron,gwaldronnn@nifty.com
853,Helsa,Jorger,hjorgerno@wikispaces.com
854,Brett,Ever,bevernp@xing.com
855,Sibella,Redsell,sredsellnq@ucla.edu
856,Giffard,Hollyar,ghollyarnr@microsoft.com
857,Rosalie,MacQuarrie,rmacquarriens@instagram.com
858,Marjorie,Thornton,mthorntonnt@mapy.cz
859,Erich,Loisi,eloisinu@xing.com
860,Gypsy,Pettifor,gpettifornv@wunderground.com
861,Bentlee,Kaysor,bkaysornw@angelfire.com
862,Juliana,Ellse,jellsenx@reverbnation.com
863,Branden,Antonnikov,bantonnikovny@miitbeian.gov.cn
864,Dotti,Bartels,dbartelsnz@google.de
865,Weber,Dimmack,wdimmacko0@xinhuanet.com
866,Lombard,Cotte,lcotteo1@fotki.com
867,Julietta,MacKowle,jmackowleo2@reference.com
868,Stoddard,Hopfer,shopfero3@wikispaces.com
869,Augustin,Yakunkin,ayakunkino4@posterous.com
870,Anthe,Hairon,ahairono5@nsw.gov.au
871,Aloisia,Witherop,awitheropo6@disqus.com
872,Cherice,Bonnick,cbonnicko7@dagondesign.com
873,Carleton,Williamson,cwilliamsono8@nba.com
874,Tammi,Kleinhaus,tkleinhauso9@seesaa.net
875,Lyndy,Gyles,lgylesoa@mac.com
876,Gal,Antoszczyk,gantoszczykob@homestead.com
877,Darwin,McBlain,dmcblainoc@ucoz.com
878,Michaeline,Jacobsz,mjacobszod@washington.edu
879,Hussein,Allsworth,hallsworthoe@netvibes.com
880,Esme,Fernao,efernaoof@google.com.au
881,Barbra,Diver,bdiverog@who.int
882,Drusie,Dunphy,ddunphyoh@spotify.com
883,Isac,Brumen,ibrumenoi@yellowbook.com
884,Lark,Seally,lseallyoj@odnoklassniki.ru
885,Whitney,Baddoe,wbaddoeok@twitpic.com
886,Charlena,Ramsdale,cramsdaleol@constantcontact.com
887,Harlene,Huxter,hhuxterom@rakuten.co.jp
888,Wanda,MacKeague,wmackeagueon@exblog.jp
889,Trey,Loads,tloadsoo@pagesperso-orange.fr
890,Urbano,Alenikov,ualenikovop@hhs.gov
891,Debbie,Hayland,dhaylandoq@amazon.co.uk
892,Duncan,Spaice,dspaiceor@buzzfeed.com
893,Skye,Ronaghan,sronaghanos@jimdo.com
894,Dacey,Hatherley,dhatherleyot@angelfire.com
895,Gaye,Tarzey,gtarzeyou@topsy.com
896,Winfield,Glede,wgledeov@wired.com
897,Melvin,Murney,mmurneyow@businesswire.com
898,Pru,McCrachen,pmccrachenox@google.com.hk
899,Kyle,Perkinson,kperkinsonoy@statcounter.com
900,Wat,Piddlesden,wpiddlesdenoz@livejournal.com
901,Greta,Aldie,galdiep0@hubpages.com
902,Brod,Burke,bburkep1@unicef.org
903,Malissia,Flacke,mflackep2@elegantthemes.com
904,Dicky,Fettes,dfettesp3@bizjournals.com
905,Reuben,Bunting,rbuntingp4@biblegateway.com
906,Renelle,Hanwright,rhanwrightp5@webeden.co.uk
907,Eldridge,Disman,edismanp6@biglobe.ne.jp
908,Guenevere,Di Dello,gdidellop7@virginia.edu
909,Retha,Haynes,rhaynesp8@netlog.com
910,Frances,Twinterman,ftwintermanp9@netscape.com
911,Thorstein,Threadgold,tthreadgoldpa@fda.gov
912,Gerry,Heller,ghellerpb@1und1.de
913,Veronika,Levane,vlevanepc@springer.com
914,Hobey,Tabrett,htabrettpd@abc.net.au
915,Tessa,Gilhool,tgilhoolpe@rambler.ru
916,Lance,Grabert,lgrabertpf@cafepress.com
917,Alexi,Splevin,asplevinpg@wix.com
918,Randy,Sparshett,rsparshettph@tinypic.com
919,Tasia,Acklands,tacklandspi@wsj.com
920,Mada,Brickner,mbricknerpj@paypal.com
921,Cherri,Mc Comb,cmccombpk@biblegateway.com
922,Yale,McElrea,ymcelreapl@nsw.gov.au
923,Darelle,Andover,dandoverpm@elpais.com
924,Merline,Manilo,mmanilopn@buzzfeed.com
925,Ira,Kingaby,ikingabypo@oakley.com
926,Indira,Balhatchet,ibalhatchetpp@cmu.edu
927,Liv,Panton,lpantonpq@symantec.com
928,Mada,Aird,mairdpr@flavors.me
929,Kirby,Chaulk,kchaulkps@go.com
930,Berton,Hughland,bhughlandpt@dyndns.org
931,Merl,Le Breton De La Vieuville,mlebretondelavieuvillepu@dagondesign.com
932,Ardra,Weyman,aweymanpv@netvibes.com
933,Curry,Brockley,cbrockleypw@omniture.com
934,Rona,Bramford,rbramfordpx@nsw.gov.au
935,Vale,Myhan,vmyhanpy@163.com
936,Sayre,Bolan,sbolanpz@dropbox.com
937,Cati,Thrasher,cthrasherq0@scribd.com
938,Carl,Maes,cmaesq1@tiny.cc
939,Lorie,Spurrior,lspurriorq2@mapy.cz
940,Dean,Hoyes,dhoyesq3@instagram.com
941,Cymbre,Baiden,cbaidenq4@wordpress.org
942,Myrtie,O'Heneghan,moheneghanq5@exblog.jp
943,Murray,Lalley,mlalleyq6@soup.io
944,Raleigh,Basford,rbasfordq7@nhs.uk
945,Blinny,Sibery,bsiberyq8@hostgator.com
946,Priscella,Dunk,pdunkq9@harvard.edu
947,Syman,Hinzer,shinzerqa@forbes.com
948,Clem,Foxall,cfoxallqb@cocolog-nifty.com
949,Revkah,Guerriero,rguerrieroqc@hatena.ne.jp
950,Rhetta,Meade,rmeadeqd@addtoany.com
951,Elayne,McGonigal,emcgonigalqe@nhs.uk
952,Ronda,Proppers,rproppersqf@dailymail.co.uk
953,Patrick,Sansum,psansumqg@ucla.edu
954,Marietta,Meddings,mmeddingsqh@printfriendly.com
955,Jordon,Lanceter,jlanceterqi@blog.com
956,Karalee,Eamer,keamerqj@eepurl.com
957,Hadrian,Redsall,hredsallqk@thetimes.co.uk
958,Ludvig,Goalby,lgoalbyql@typepad.com
959,Hieronymus,Dwire,hdwireqm@yellowbook.com
960,Fabe,Gorke,fgorkeqn@samsung.com
961,Hadley,Sieve,hsieveqo@spotify.com
962,Lidia,Andrieux,landrieuxqp@storify.com
963,Dick,Boltwood,dboltwoodqq@fastcompany.com
964,Marnia,Nitto,mnittoqr@europa.eu
965,Wilfrid,Phorsby,wphorsbyqs@youtu.be
966,Hesther,Yoakley,hyoakleyqt@reuters.com
967,Sigismondo,Tran,stranqu@loc.gov
968,Sutton,Shorte,sshorteqv@cafepress.com
969,Bruce,Ferroni,bferroniqw@msn.com
970,August,Serraillier,aserraillierqx@ft.com
971,Pasquale,Pidgley,ppidgleyqy@sakura.ne.jp
972,Ulrica,Muckleston,umucklestonqz@rambler.ru
973,Klara,Akister,kakisterr0@dmoz.org
974,Angy,Grafton-Herbert,agraftonherbertr1@shareasale.com
975,Burk,Bennallck,bbennallckr2@howstuffworks.com
976,Matthiew,Shadrach,mshadrachr3@ucoz.ru
977,Shae,Stallard,sstallardr4@eepurl.com
978,Bridgette,Bucktrout,bbucktroutr5@com.com
979,Gibb,Nelissen,gnelissenr6@tuttocitta.it
980,Catina,Beelby,cbeelbyr7@canalblog.com
981,Tiebold,Dartan,tdartanr8@ftc.gov
982,Latrina,Stilly,lstillyr9@skyrock.com
983,Hatti,Lissandrini,hlissandrinira@t-online.de
984,Fawne,Sotham,fsothamrb@gnu.org
985,Shauna,Spavins,sspavinsrc@mysql.com
986,Karalynn,Ralph,kralphrd@deliciousdays.com
987,Addison,McCallister,amccallisterre@a8.net
988,Garnet,Tackley,gtackleyrf@samsung.com
989,Letti,Doyle,ldoylerg@nasa.gov
990,Jo ann,de Clerc,jdeclercrh@weather.com
991,Augusta,Swan,aswanri@china.com.cn
992,Lennard,Attride,lattriderj@skyrock.com
993,Teador,Risborough,trisboroughrk@shutterfly.com
994,Alfie,Cripwell,acripwellrl@odnoklassniki.ru
995,Keefe,Bannell,kbannellrm@baidu.com
996,Robbyn,Rusted,rrustedrn@wp.com
997,Cary,Dymock,cdymockro@skyrock.com
998,Leoline,Eallis,leallisrp@oaic.gov.au
999,Kelvin,Espinoza,kespinozarq@rediff.com
1000,Willa,Mousby,wmousbyrr@arizona.edu
